"","leagueId","queueType","tier","rank","summonerId","summonerName","leaguePoints","wins","losses","veteran","inactive","freshBlood","hotStreak"
"1","5cc4fe58-4e57-37f1-9dc3-7c32b2632923","RANKED_SOLO_5x5","CHALLENGER","I","k42Ofn9R0-C33O0pYMJDajkAvILo4vRGq8mq_QtAuHG_LUc","스컬지","1616"," 761"," 650","TRUE","FALSE","FALSE","TRUE"
"2","5cc4fe58-4e57-37f1-9dc3-7c32b2632923","RANKED_SOLO_5x5","CHALLENGER","I","sEvZcyuqpGDkN317Myhb_S8bJAgquHERfUu9s8HqRW-HEb0","시간빠르다앙","1600"," 497"," 404","TRUE","FALSE","FALSE","TRUE"
"3","5cc4fe58-4e57-37f1-9dc3-7c32b2632923","RANKED_SOLO_5x5","CHALLENGER","I","ysSe4SJ_zZxqrNWRN7BS21ubjxTxiGYd7Axjb5iL3Cg8VsM","xunxunxuno","1590"," 666"," 500","TRUE","FALSE","FALSE","FALSE"
"4","5cc4fe58-4e57-37f1-9dc3-7c32b2632923","RANKED_SOLO_5x5","CHALLENGER","I","AXDqNaiaTvOdOi5IzVZR7F1xWw33mrRGtPAS4ySHR10lKvs","viper3","1527"," 513"," 415","TRUE","FALSE","FALSE","FALSE"
"5","5cc4fe58-4e57-37f1-9dc3-7c32b2632923","RANKED_SOLO_5x5","CHALLENGER","I","b78fhMTKJ4I1LUaS0wo1NXaSsnBuDBJnZNSWw6L9qHF-SFk","용호야","1512"," 390"," 286","FALSE","FALSE","FALSE","FALSE"
"6","5cc4fe58-4e57-37f1-9dc3-7c32b2632923","RANKED_SOLO_5x5","CHALLENGER","I","0glfO_jEKXJQVs0t4wheabzCxqGniLmCWXZeqX-JrvkyyDA","용호야","1500"," 409"," 267","FALSE","FALSE","FALSE","FALSE"
"7","5cc4fe58-4e57-37f1-9dc3-7c32b2632923","RANKED_SOLO_5x5","CHALLENGER","I","JBoej9Slpq1Z90aLU7n--oQ_Ra7PN_x9NgZ-SdR-Z5eSkqE","EDGZhaoQQ888765","1458","1675","1465","TRUE","FALSE","FALSE","TRUE"
"8","5cc4fe58-4e57-37f1-9dc3-7c32b2632923","RANKED_SOLO_5x5","CHALLENGER","I","1RVG9pMA-f32kk_BfGmedofZzn0sgo3qF0o776ccv32bVIM","T1 제우스","1442"," 856"," 786","TRUE","FALSE","FALSE","FALSE"
"9","5cc4fe58-4e57-37f1-9dc3-7c32b2632923","RANKED_SOLO_5x5","CHALLENGER","I","e2mqqTwXxob8o3yAsp8mqaccr9CGmcbtI6TmjxZh_m0dMQA","JUGKlNG","1418"," 305"," 204","FALSE","FALSE","FALSE","TRUE"
"10","5cc4fe58-4e57-37f1-9dc3-7c32b2632923","RANKED_SOLO_5x5","CHALLENGER","I","mEcbJmz9L8zo3MaBhBYWxrzL6QLXENjznivKRsN2QK-KoSI","Gen G Khael","1416"," 863"," 728","TRUE","FALSE","FALSE","FALSE"
"11","5cc4fe58-4e57-37f1-9dc3-7c32b2632923","RANKED_SOLO_5x5","CHALLENGER","I","ZTrSxMeV5onRRijPl0EziNir4Y8Wby2NBCbfCoFOKQ6MqkU","T1 제우스","1390"," 485"," 382","TRUE","FALSE","FALSE","FALSE"
"12","5cc4fe58-4e57-37f1-9dc3-7c32b2632923","RANKED_SOLO_5x5","CHALLENGER","I","hf_4TZ7NT8VXOO98R4eK_9HW4neAQj3ylGoCXzNQmoWZEms","SANDBOX Croco","1389"," 550"," 468","TRUE","FALSE","FALSE","FALSE"
"13","5cc4fe58-4e57-37f1-9dc3-7c32b2632923","RANKED_SOLO_5x5","CHALLENGER","I","6eei14w9i7UoMsE7kNc6D_7IGCXQiiqZYecQDTqt-JsanuY","FPXzhaoAP4506303","1375"," 498"," 341","TRUE","FALSE","FALSE","FALSE"
"14","5cc4fe58-4e57-37f1-9dc3-7c32b2632923","RANKED_SOLO_5x5","CHALLENGER","I","VrfzQKRXIsp-_UDnGNK9-5vTUOREPX-WCvtxmsj2y8OXGyI","ADD on win","1366"," 260"," 184","FALSE","FALSE","FALSE","TRUE"
"15","5cc4fe58-4e57-37f1-9dc3-7c32b2632923","RANKED_SOLO_5x5","CHALLENGER","I","WzrhhYASbKoDxO0Cq6XDSVyJ9GmmCadoGMivMxMON_mv7aw","농심 리치","1352"," 593"," 510","TRUE","FALSE","FALSE","FALSE"
"16","5cc4fe58-4e57-37f1-9dc3-7c32b2632923","RANKED_SOLO_5x5","CHALLENGER","I","i1JPqJk0co9yxPN2e2dTOttn267pt0jVU_DFRFXtlGx12l8","FA Minit","1345"," 559"," 471","TRUE","FALSE","FALSE","FALSE"
"17","5cc4fe58-4e57-37f1-9dc3-7c32b2632923","RANKED_SOLO_5x5","CHALLENGER","I","6dWYcC3t8xuwkIjXD_BI53t4L4ppT31SiMixYQnZ82epcmM","DWG Canyon","1338"," 560"," 452","FALSE","FALSE","FALSE","FALSE"
"18","5cc4fe58-4e57-37f1-9dc3-7c32b2632923","RANKED_SOLO_5x5","CHALLENGER","I","vEjDQGZQpYF5mxHXNYAqeZJxG-aovtLwnAbjfUbfC9QjOQc","Chieftain00","1338"," 319"," 237","TRUE","FALSE","FALSE","FALSE"
"19","5cc4fe58-4e57-37f1-9dc3-7c32b2632923","RANKED_SOLO_5x5","CHALLENGER","I","cJK8pR57RH4zUg4JyfnetTeBAXRkiXUQjHU0rRPAvk4T8qw","미친듯이 파이팅","1334"," 299"," 190","TRUE","FALSE","FALSE","FALSE"
"20","5cc4fe58-4e57-37f1-9dc3-7c32b2632923","RANKED_SOLO_5x5","CHALLENGER","I","DjjoGVkj8BWnLpkuDsc0Wa0yuKshs6FwfiFXyGyZ4YFTV3M","zzzusss","1316"," 300"," 216","TRUE","FALSE","FALSE","FALSE"
"21","5cc4fe58-4e57-37f1-9dc3-7c32b2632923","RANKED_SOLO_5x5","CHALLENGER","I","ZSBOvGBvrpYnPMca_y5xP0E2po6kVcLQ81sl_iHV3fwXBGo","BRO Hena","1301","1570","1492","TRUE","FALSE","FALSE","FALSE"
"22","5cc4fe58-4e57-37f1-9dc3-7c32b2632923","RANKED_SOLO_5x5","CHALLENGER","I","X_d_JrxXzRMjYdFujRjMj2gLbcxYwMrWPEZGtt8SxlUW_UU","ashead open","1289","1225","1128","TRUE","FALSE","FALSE","FALSE"
"23","5cc4fe58-4e57-37f1-9dc3-7c32b2632923","RANKED_SOLO_5x5","CHALLENGER","I","1JhyHxnuWX2zqX9cDLmds6uDytgHg6Pd4go3CNndjArbiKk","T1 Fisher","1288"," 692"," 536","TRUE","FALSE","FALSE","FALSE"
"24","5cc4fe58-4e57-37f1-9dc3-7c32b2632923","RANKED_SOLO_5x5","CHALLENGER","I","OsKP4VRW67LYda5sGsNYxvTmnSFu3c_yn9dgosKJ9TPHg2I","Pnpm","1281"," 282"," 212","TRUE","FALSE","FALSE","FALSE"
"25","5cc4fe58-4e57-37f1-9dc3-7c32b2632923","RANKED_SOLO_5x5","CHALLENGER","I","rGzN8ksFndoavONlsVS5tl20UBJPVJqYVBylDOhYWIfny-8","KT VicLa","1279"," 754"," 596","TRUE","FALSE","FALSE","FALSE"
"26","5cc4fe58-4e57-37f1-9dc3-7c32b2632923","RANKED_SOLO_5x5","CHALLENGER","I","Byrs5vPBEYHbjYqYRYEy2YawuMuli4ivoHmAX3vJnour-h0","V5zhao107736014","1272"," 496"," 355","TRUE","FALSE","FALSE","FALSE"
"27","5cc4fe58-4e57-37f1-9dc3-7c32b2632923","RANKED_SOLO_5x5","CHALLENGER","I","E60saxxlT6xY6jK3KOAz55GHA5irbvCkn2xbqOU6hsO7J5k","나는 준일하다","1270"," 429"," 356","TRUE","FALSE","FALSE","TRUE"
"28","5cc4fe58-4e57-37f1-9dc3-7c32b2632923","RANKED_SOLO_5x5","CHALLENGER","I","E5TujWa84umZm01j1ql8gyTf7kjmfcnlEQbUXVCfQjWLbRA","Liiv OnFleek","1246"," 874"," 813","TRUE","FALSE","FALSE","FALSE"
"29","5cc4fe58-4e57-37f1-9dc3-7c32b2632923","RANKED_SOLO_5x5","CHALLENGER","I","eW_7voTRDSk1Mio7W0FKR79r2XjwQcBGHdryfaNiAmbUFGY","Aprox","1244"," 370"," 288","FALSE","FALSE","FALSE","TRUE"
"30","5cc4fe58-4e57-37f1-9dc3-7c32b2632923","RANKED_SOLO_5x5","CHALLENGER","I","nQtU6yC8TxC71XtTxDQ5zgx47Q_KRMewTeTUUqSTk6KC-mw","T1 Gumayusi","1242"," 977"," 884","TRUE","FALSE","FALSE","FALSE"
"31","5cc4fe58-4e57-37f1-9dc3-7c32b2632923","RANKED_SOLO_5x5","CHALLENGER","I","36Je46KWcK1MnJHl-tjzW_M05rMWE4QQBzcd-3AZQjdNJa0","Mango Fish","1242"," 638"," 506","TRUE","FALSE","FALSE","FALSE"
"32","5cc4fe58-4e57-37f1-9dc3-7c32b2632923","RANKED_SOLO_5x5","CHALLENGER","I","t0kDMBX70yY5784RMmkzkHvKEq3KMNr4TVvWoB2LKIEGSkA","T1 Cuzz","1223"," 487"," 409","TRUE","FALSE","FALSE","TRUE"
"33","5cc4fe58-4e57-37f1-9dc3-7c32b2632923","RANKED_SOLO_5x5","CHALLENGER","I","0D27K4GhTFUu6yUt1od9XiVSS3QJ4zICA6dsbcv4cgtbXHE","BRO Lava ","1215"," 697"," 625","TRUE","FALSE","FALSE","TRUE"
"34","5cc4fe58-4e57-37f1-9dc3-7c32b2632923","RANKED_SOLO_5x5","CHALLENGER","I","ZQqoFI04n9ntz7akNn4pns-CxGQF6FjOkumoALmQ8zvsOPo","EDGzhaoQX888765","1214","1283","1159","TRUE","FALSE","FALSE","TRUE"
"35","5cc4fe58-4e57-37f1-9dc3-7c32b2632923","RANKED_SOLO_5x5","CHALLENGER","I","eFYWrssVFsKx5nFhIqhyspic3RfeDO6knbWjFEekFqxGIao","clearlove9fans","1211"," 425"," 287","TRUE","FALSE","FALSE","FALSE"
"36","5cc4fe58-4e57-37f1-9dc3-7c32b2632923","RANKED_SOLO_5x5","CHALLENGER","I","fuAZx72KawN46ugyTYSKYy4o-10kXHW5sIOvMbvKsY_34kY","윤용호","1207"," 427"," 344","TRUE","FALSE","FALSE","FALSE"
"37","5cc4fe58-4e57-37f1-9dc3-7c32b2632923","RANKED_SOLO_5x5","CHALLENGER","I","YgqH7xkDq5jrc9mk7bYn79xd69W8hbBULwmbIOvWc8vk9Es","srysmallChicken","1202"," 485"," 404","FALSE","FALSE","FALSE","FALSE"
"38","5cc4fe58-4e57-37f1-9dc3-7c32b2632923","RANKED_SOLO_5x5","CHALLENGER","I","c7cw9Qd8ADfEPCfQ71bezWuvWc0Gc61TpVzdMqJjsC5H9IA","Pz ZZang","1193"," 261"," 201","TRUE","FALSE","FALSE","FALSE"
"39","5cc4fe58-4e57-37f1-9dc3-7c32b2632923","RANKED_SOLO_5x5","CHALLENGER","I","F7cNEZOSi1E0lbuSx9c7x2Wasmuq7BP8Ht1pjtjRH8Vr76Y","Gen G Karis","1192"," 696"," 657","TRUE","FALSE","FALSE","TRUE"
"40","5cc4fe58-4e57-37f1-9dc3-7c32b2632923","RANKED_SOLO_5x5","CHALLENGER","I","SojKgzz5iow4qqtw5_PFU4MApo2yH2w0I9dXOEFNrn_1Sbs","BRO Delight","1187","1417","1359","TRUE","FALSE","FALSE","FALSE"
"41","5cc4fe58-4e57-37f1-9dc3-7c32b2632923","RANKED_SOLO_5x5","CHALLENGER","I","dHEMCICHsIRCR-alqlCm2J888mOkYBs8f7ZFefXGXDRTLsFC","DYN Rlch","1187"," 388"," 303","TRUE","FALSE","FALSE","FALSE"
"42","5cc4fe58-4e57-37f1-9dc3-7c32b2632923","RANKED_SOLO_5x5","CHALLENGER","I","reuwnJEQE3cpjXbb_NeY0G94cvlykLvVom0EAYN8Gji-oA","쪼렙이다말로하자","1185","1034"," 951","TRUE","FALSE","FALSE","FALSE"
"43","5cc4fe58-4e57-37f1-9dc3-7c32b2632923","RANKED_SOLO_5x5","CHALLENGER","I","hL9jah-LxJdxgM4yZ_7kOEBwChXyFfnucM6Nc2A7RG0wz3E","xlzyx","1184","1161","1074","TRUE","FALSE","FALSE","TRUE"
"44","5cc4fe58-4e57-37f1-9dc3-7c32b2632923","RANKED_SOLO_5x5","CHALLENGER","I","DscQ7Gd2OYgT_Eu3H4UwYxViAQQoQoI-Y6LKAI8ndl47tMA","버 돌","1182"," 339"," 304","TRUE","FALSE","FALSE","FALSE"
"45","5cc4fe58-4e57-37f1-9dc3-7c32b2632923","RANKED_SOLO_5x5","CHALLENGER","I","d8iDIGW2Ctby3cGnezHfTkl1kaHtecTDLu4tSnKmQDwGDYQk","KT Bonnie","1182"," 329"," 211","TRUE","FALSE","FALSE","FALSE"
"46","5cc4fe58-4e57-37f1-9dc3-7c32b2632923","RANKED_SOLO_5x5","CHALLENGER","I","2F_yaOYUnfki2ZrQBB1QKs61fUvwKCQeiw08ar2_5W6bJY8","오뚜기3분미트볼","1182"," 278"," 208","FALSE","FALSE","FALSE","FALSE"
"47","5cc4fe58-4e57-37f1-9dc3-7c32b2632923","RANKED_SOLO_5x5","CHALLENGER","I","6WIRIUBT238cxRGBN3CWN0_lN_WBDUvutjejChnV-sQg8RM","나는야김준철","1177"," 564"," 499","TRUE","FALSE","FALSE","FALSE"
"48","5cc4fe58-4e57-37f1-9dc3-7c32b2632923","RANKED_SOLO_5x5","CHALLENGER","I","fpMbsBdDz88eviXAFRnUTWuIcmeJxdIuubCSY3nHWaCOPkw","i no hope","1168"," 874"," 818","FALSE","FALSE","FALSE","FALSE"
"49","5cc4fe58-4e57-37f1-9dc3-7c32b2632923","RANKED_SOLO_5x5","CHALLENGER","I","2CCF9gKNgkA3WoubZI_blCXgLG-8uEilG8aFwSseoJr3adY","UijU","1163"," 700"," 637","TRUE","FALSE","FALSE","TRUE"
"50","5cc4fe58-4e57-37f1-9dc3-7c32b2632923","RANKED_SOLO_5x5","CHALLENGER","I","0l_Ra-vYdhBTrE60-IdcCKxHJLDvArnWkv38F7qKsyXsOAI","River9","1150"," 703"," 630","TRUE","FALSE","FALSE","FALSE"
"51","5cc4fe58-4e57-37f1-9dc3-7c32b2632923","RANKED_SOLO_5x5","CHALLENGER","I","ONeAR5TgzBPsSyJWBkpUAdcCs9IH5en2W_Sh-0j0b4ASpg","HuyaTvJincanyi","1150"," 493"," 377","TRUE","FALSE","FALSE","FALSE"
"52","5cc4fe58-4e57-37f1-9dc3-7c32b2632923","RANKED_SOLO_5x5","CHALLENGER","I","qu9HdFPFf-w37nxCS_c3XZ4FVUDeTZhkguDN63X1DUu9kFA","40900202","1147","1137","1023","TRUE","FALSE","FALSE","TRUE"
"53","5cc4fe58-4e57-37f1-9dc3-7c32b2632923","RANKED_SOLO_5x5","CHALLENGER","I","O6BuLT4WmHgIZkCnaUqQuOvtkG7kLgJn68GTTomI16-vkog","T1 Oner","1143","1360","1188","TRUE","FALSE","FALSE","FALSE"
"54","5cc4fe58-4e57-37f1-9dc3-7c32b2632923","RANKED_SOLO_5x5","CHALLENGER","I","NtNjn87FduM5LpTlRIRjngeDmhzd9FH9zdVdt_r77DaNVUo","다없수질","1143"," 582"," 503","TRUE","FALSE","FALSE","FALSE"
"55","5cc4fe58-4e57-37f1-9dc3-7c32b2632923","RANKED_SOLO_5x5","CHALLENGER","I","g4jlgrQI9AIlC-8vxRPaSPD88KNG7t2WwCaZRJy2x8uE-lw","Liiv FATE","1134"," 490"," 413","TRUE","FALSE","FALSE","FALSE"
"56","5cc4fe58-4e57-37f1-9dc3-7c32b2632923","RANKED_SOLO_5x5","CHALLENGER","I","npXsOjh1q_oLGko0hEAQEGFr6qyHn7cYrgyuKgNLLlDeajY","Bbvoy","1130"," 531"," 454","TRUE","FALSE","FALSE","FALSE"
"57","5cc4fe58-4e57-37f1-9dc3-7c32b2632923","RANKED_SOLO_5x5","CHALLENGER","I","4IRcQLnRpI79M1j6V03kBpGGLORehjlbsZ9-edba3FvTyDg","fat sheep","1127","1243","1074","TRUE","FALSE","FALSE","FALSE"
"58","5cc4fe58-4e57-37f1-9dc3-7c32b2632923","RANKED_SOLO_5x5","CHALLENGER","I","_G6tY4rwfc2aGMQxZOqxdxLzSDXfcylJhFA-gBGhYy4m1w","단군의청춘부재","1123"," 608"," 569","TRUE","FALSE","FALSE","TRUE"
"59","5cc4fe58-4e57-37f1-9dc3-7c32b2632923","RANKED_SOLO_5x5","CHALLENGER","I","WIjrXDwr8_AHhO32nehVWKFTyhGcxl6Q4aJNGEW-K_RRhBk","파이팅 인생","1119"," 740"," 683","TRUE","FALSE","FALSE","FALSE"
"60","5cc4fe58-4e57-37f1-9dc3-7c32b2632923","RANKED_SOLO_5x5","CHALLENGER","I","Kh9_yUjf6FG7eXui_s_e-SLFKZui-FPAK_Nl_vjp-rgKvas","Shadow Patch","1114"," 743"," 614","TRUE","FALSE","FALSE","TRUE"
"61","5cc4fe58-4e57-37f1-9dc3-7c32b2632923","RANKED_SOLO_5x5","CHALLENGER","I","Xi8WxVX935Q_LCskTFksx78q-C0gTG7u-oo54dWMEbOe_xc","KT Zzus","1111"," 417"," 350","TRUE","FALSE","FALSE","FALSE"
"62","5cc4fe58-4e57-37f1-9dc3-7c32b2632923","RANKED_SOLO_5x5","CHALLENGER","I","f7ruNWT7pwrsn_XhEbCgmxkqyuKq8u_x-SRipZcUpoAWWrc","T1 Ellim","1109"," 316"," 251","TRUE","FALSE","FALSE","FALSE"
"63","5cc4fe58-4e57-37f1-9dc3-7c32b2632923","RANKED_SOLO_5x5","CHALLENGER","I","n1rXSi5XXUS826OE02VMzS7gn9yd7SiV_UxYdlroJdM12rA","매일배고프다","1105"," 559"," 497","FALSE","FALSE","FALSE","FALSE"
"64","5cc4fe58-4e57-37f1-9dc3-7c32b2632923","RANKED_SOLO_5x5","CHALLENGER","I","2c_Tgx_BBieXsu4SWpe_2KQ9xOXFPBtux43thzXEMlxG0XU","쇼메쇼메","1105"," 373"," 276","FALSE","FALSE","TRUE","FALSE"
"65","5cc4fe58-4e57-37f1-9dc3-7c32b2632923","RANKED_SOLO_5x5","CHALLENGER","I","UgueTkx2aebRHkhdGXmQvDS3tgFNW7nEJiJcs2DNizGdDmzB","Shining fans","1101"," 413"," 353","TRUE","FALSE","FALSE","FALSE"
"66","5cc4fe58-4e57-37f1-9dc3-7c32b2632923","RANKED_SOLO_5x5","CHALLENGER","I","F-vmkk-iPElbQa4YONGNHV6IY5R8Mrib8TwSo02tziE2jZg"," 다드몬아이다","1098"," 392"," 273","TRUE","FALSE","FALSE","FALSE"
"67","5cc4fe58-4e57-37f1-9dc3-7c32b2632923","RANKED_SOLO_5x5","CHALLENGER","I","F4dlO5zipwGf9YxUHJ0RSHcASFwEsJxrGl7yQ28SxJYXAr8","kelinn","1097"," 807"," 749","TRUE","FALSE","FALSE","FALSE"
"68","5cc4fe58-4e57-37f1-9dc3-7c32b2632923","RANKED_SOLO_5x5","CHALLENGER","I","XH7_HT2lvcJ7VYvVNxdHoA25ptlOEQ3wFh5NiYBQd071Avk","쭌 베","1096"," 371"," 294","TRUE","FALSE","FALSE","FALSE"
"69","5cc4fe58-4e57-37f1-9dc3-7c32b2632923","RANKED_SOLO_5x5","CHALLENGER","I","P5GTgoJedpPz-bYxnh1fPVCcUgdrWgm5Uri7nS7moNupDA","동해운수","1095"," 469"," 409","TRUE","FALSE","FALSE","FALSE"
"70","5cc4fe58-4e57-37f1-9dc3-7c32b2632923","RANKED_SOLO_5x5","CHALLENGER","I","k5zAeFQMhXAWfrd3lPG0hXxOwXK5QM2kLNwjcig3xgAVd3c","deokdam","1095"," 372"," 288","TRUE","FALSE","FALSE","FALSE"
"71","5cc4fe58-4e57-37f1-9dc3-7c32b2632923","RANKED_SOLO_5x5","CHALLENGER","I","dg6yafRujD8goKjdPI05Oa8L15CQA26yKtlqcaTwLl4TpJ8","FA ian","1085"," 495"," 414","TRUE","FALSE","FALSE","FALSE"
"72","5cc4fe58-4e57-37f1-9dc3-7c32b2632923","RANKED_SOLO_5x5","CHALLENGER","I","Y2N5ExAaIzdq3h0q_hyT6gOdwqp731A68KomaBVdnmzVWeg","Strange2","1084"," 980"," 852","TRUE","FALSE","FALSE","FALSE"
"73","5cc4fe58-4e57-37f1-9dc3-7c32b2632923","RANKED_SOLO_5x5","CHALLENGER","I","WjwyH5DYFqxsDtt9HtvYtJCD9HdrAwG4UNBUk5YXw3k2jrM","Remika","1079"," 670"," 605","FALSE","FALSE","FALSE","TRUE"
"74","5cc4fe58-4e57-37f1-9dc3-7c32b2632923","RANKED_SOLO_5x5","CHALLENGER","I","4YZdhjFJfOt8WMbo-4lODfE4qgRbKsP13RtEr7BQ3M7CPCc","KT Rebel","1079"," 468"," 399","TRUE","FALSE","FALSE","FALSE"
"75","5cc4fe58-4e57-37f1-9dc3-7c32b2632923","RANKED_SOLO_5x5","CHALLENGER","I","YpskaBAqxVEfg_Qg7vd1XfGFR8cR-4w8ZxfKDB9TDFVqlrA","팀개못하면누누함","1079"," 450"," 359","TRUE","FALSE","FALSE","FALSE"
"76","5cc4fe58-4e57-37f1-9dc3-7c32b2632923","RANKED_SOLO_5x5","CHALLENGER","I","kPOWtSWZsY_GqGaZgk4QhxVimjrpRuCyUeywJoec_Z51cnY","모찌피치모찌피치","1078","1023"," 963","TRUE","FALSE","FALSE","FALSE"
"77","5cc4fe58-4e57-37f1-9dc3-7c32b2632923","RANKED_SOLO_5x5","CHALLENGER","I","w19jcYkeuo_6Dep1oUbv-8wyayIfQEQ5EASeBbgNGnz1jTA","shui di si chuan","1078"," 547"," 473","TRUE","FALSE","FALSE","TRUE"
"78","5cc4fe58-4e57-37f1-9dc3-7c32b2632923","RANKED_SOLO_5x5","CHALLENGER","I","H6UjQYgC9cDYJkREtquzh6XpmjnPEP4XlQhtjiyr1XWVJH8","T1 Berserker","1075","1006"," 981","TRUE","FALSE","FALSE","FALSE"
"79","5cc4fe58-4e57-37f1-9dc3-7c32b2632923","RANKED_SOLO_5x5","CHALLENGER","I","M9ax92fYerN9BZkM_1OeZ5zLRmsLkeryu0vnxqjJXuo7qZU","에르피디","1071"," 654"," 556","FALSE","FALSE","FALSE","FALSE"
"80","5cc4fe58-4e57-37f1-9dc3-7c32b2632923","RANKED_SOLO_5x5","CHALLENGER","I","7g9j_E9sDMmk6sYPo_eloWlCqbbRjBniuX3h7lr8hBj0J5c","1등 달리는 사람","1068"," 592"," 531","TRUE","FALSE","FALSE","FALSE"
"81","5cc4fe58-4e57-37f1-9dc3-7c32b2632923","RANKED_SOLO_5x5","CHALLENGER","I","PM5FX2t_163U6EBk-rX9WhZzKy-RLhooqkdYnpru3YHIILg","Fanch","1065"," 757"," 711","TRUE","FALSE","FALSE","FALSE"
"82","5cc4fe58-4e57-37f1-9dc3-7c32b2632923","RANKED_SOLO_5x5","CHALLENGER","I","VcvFC0y_0eICtFNXEuverrsctcy4VmHz8pYXq8GGH_tnmMU","xxxxxxx1","1064"," 867"," 772","FALSE","FALSE","FALSE","FALSE"
"83","5cc4fe58-4e57-37f1-9dc3-7c32b2632923","RANKED_SOLO_5x5","CHALLENGER","I","Bu8AlIOWXKFBFGMrDZIaD7fo4SKIwO-iN7pw-taOaNPAgE8","HSHTM","1061"," 834"," 752","FALSE","FALSE","FALSE","FALSE"
"84","5cc4fe58-4e57-37f1-9dc3-7c32b2632923","RANKED_SOLO_5x5","CHALLENGER","I","3SvSo0XjgDmeKnHOgoLg_E4f3xAqoVkk9-TFAVg7JiP6CoU","울부짖는마오카이","1059","1356","1281","FALSE","FALSE","FALSE","TRUE"
"85","5cc4fe58-4e57-37f1-9dc3-7c32b2632923","RANKED_SOLO_5x5","CHALLENGER","I","UjIF1YKeoTrOXS8RcqSTszq9QK6kJ4tngGCmRdf4mVyudXI","T1 Mirzz","1058"," 958"," 884","TRUE","FALSE","FALSE","FALSE"
"86","5cc4fe58-4e57-37f1-9dc3-7c32b2632923","RANKED_SOLO_5x5","CHALLENGER","I","a8yIILnolRojfQHcjAKjPgTPIFD2mKy6bUC1ltThi8zhPVsP","boom li ge1","1058"," 201"," 150","FALSE","FALSE","FALSE","FALSE"
"87","5cc4fe58-4e57-37f1-9dc3-7c32b2632923","RANKED_SOLO_5x5","CHALLENGER","I","mcnvDg2o0L4WCDQrShRtYcSzasVq9JxGFcGDpclOiKokmvo","FA Ruby","1047"," 680"," 620","TRUE","FALSE","FALSE","FALSE"
"88","5cc4fe58-4e57-37f1-9dc3-7c32b2632923","RANKED_SOLO_5x5","CHALLENGER","I","JBzujtgsSYU1yPZ4yqoYYszZMzJc1HmZvCXgR0MyydOxGIE","원딜 왕자 이채환","1046"," 377"," 300","TRUE","FALSE","FALSE","FALSE"
"89","5cc4fe58-4e57-37f1-9dc3-7c32b2632923","RANKED_SOLO_5x5","CHALLENGER","I","rGp38rranLEjskqgk8DaIc21Y-GarAo2fWNa26c4LdhA6Q","sheidodabuguo","1040"," 747"," 687","FALSE","FALSE","FALSE","FALSE"
"90","5cc4fe58-4e57-37f1-9dc3-7c32b2632923","RANKED_SOLO_5x5","CHALLENGER","I","5TiJGVgJSTUwlxxsls9P-Ol-kSK8fdEfRDJozoAzetdC2KM","zyb","1040"," 529"," 424","TRUE","FALSE","FALSE","FALSE"
"91","5cc4fe58-4e57-37f1-9dc3-7c32b2632923","RANKED_SOLO_5x5","CHALLENGER","I","MGp--eC3VLcCWy6u_ApRnOzesZQckpgKZGxCGknZne02VA","탑 혜지","1037","1185","1125","TRUE","FALSE","FALSE","FALSE"
"92","5cc4fe58-4e57-37f1-9dc3-7c32b2632923","RANKED_SOLO_5x5","CHALLENGER","I","6Gk_g1Y2YS0deptD7UJVazPOJ5Eh9OloQBMXq_B6xI7rIC8","I dont know ZZ","1037"," 872"," 782","FALSE","FALSE","FALSE","FALSE"
"93","5cc4fe58-4e57-37f1-9dc3-7c32b2632923","RANKED_SOLO_5x5","CHALLENGER","I","_WwoPh2IyZQiWv4b0SZcfVQ8ugRJyVVe7EYubsfxrXiTGjg","ZED99","1035"," 529"," 405","TRUE","FALSE","FALSE","FALSE"
"94","5cc4fe58-4e57-37f1-9dc3-7c32b2632923","RANKED_SOLO_5x5","CHALLENGER","I","M-ziBk70EJZy6_9q0aBWCNJ_1Mkui0fIHZSJwo6zshobiSo","뷔이스타","1029"," 391"," 337","TRUE","FALSE","FALSE","FALSE"
"95","5cc4fe58-4e57-37f1-9dc3-7c32b2632923","RANKED_SOLO_5x5","CHALLENGER","I","qIAyIjmQBz5CsUVTOi_sgy4qQ0udAPxZim7ezLp_O3ZSnXk","boom1boom","1029"," 309"," 223","FALSE","FALSE","FALSE","FALSE"
"96","5cc4fe58-4e57-37f1-9dc3-7c32b2632923","RANKED_SOLO_5x5","CHALLENGER","I","7iccsD8hx9EzPs4xOJkog179rujIE1MDA1LiR9zuA8YqBCI","Liiv Summ1t","1025"," 366"," 315","FALSE","FALSE","FALSE","FALSE"
"97","5cc4fe58-4e57-37f1-9dc3-7c32b2632923","RANKED_SOLO_5x5","CHALLENGER","I","n4jBjH8pQvspQyzb5kFY8N_-3TrXpM7bCfG1AuPk5aMIc8I","epoh on ","1024","1283","1240","TRUE","FALSE","FALSE","TRUE"
"98","5cc4fe58-4e57-37f1-9dc3-7c32b2632923","RANKED_SOLO_5x5","CHALLENGER","I","fvu-j2kceofADOB1VIOIzGUMkSKdBZ9Bnw9MDi7jwNkXYgE","sdxsdx156","1024","1061","1008","FALSE","FALSE","FALSE","FALSE"
"99","5cc4fe58-4e57-37f1-9dc3-7c32b2632923","RANKED_SOLO_5x5","CHALLENGER","I","0VNgz5Kse0NC9jbViekGDtizOzS8yZX49u9kONiuK0u_cUU","혼자 온 세상","1021"," 608"," 541","TRUE","FALSE","FALSE","FALSE"
"100","5cc4fe58-4e57-37f1-9dc3-7c32b2632923","RANKED_SOLO_5x5","CHALLENGER","I","ISVfb8MyV_PNfJLDV9yn_L95jkDvFt8p-EAJiwFTypF5G24","Wwave","1021"," 436"," 296","TRUE","FALSE","FALSE","FALSE"
"101","5cc4fe58-4e57-37f1-9dc3-7c32b2632923","RANKED_SOLO_5x5","CHALLENGER","I","klNymPfwH0A-jtoXI1HCDfquoEXBPJMxm8rMVX34l_todg","미쳐놈","1019","1073"," 987","TRUE","FALSE","FALSE","FALSE"
"102","5cc4fe58-4e57-37f1-9dc3-7c32b2632923","RANKED_SOLO_5x5","CHALLENGER","I","LUKElAjkXZXLaD7dLfMcA53lobU6tY-oC5KwTIERFwS7WzM","뿡뿡이최우제","1017"," 769"," 713","TRUE","FALSE","FALSE","FALSE"
"103","5cc4fe58-4e57-37f1-9dc3-7c32b2632923","RANKED_SOLO_5x5","CHALLENGER","I","2AhOJ48eUcc6Miq8-8Ljdn6__SC_iEt-ak_6t6S9F4O80k8","타 잔","1016"," 663"," 576","FALSE","FALSE","FALSE","FALSE"
"104","5cc4fe58-4e57-37f1-9dc3-7c32b2632923","RANKED_SOLO_5x5","CHALLENGER","I","GtMTgZR4Zq2Tg4eQsFcIEjteWCaEi8be0ZGYhCoSZBFpWvg","concesslon","1016"," 533"," 474","FALSE","FALSE","FALSE","TRUE"
"105","5cc4fe58-4e57-37f1-9dc3-7c32b2632923","RANKED_SOLO_5x5","CHALLENGER","I","gUOnBLm09KOF1lquV_ubxuuzTvu_QZhH7jaBt3nbLF1u-A","금현성2","1014"," 555"," 483","FALSE","FALSE","FALSE","FALSE"
"106","5cc4fe58-4e57-37f1-9dc3-7c32b2632923","RANKED_SOLO_5x5","CHALLENGER","I","hu6NyvSjmW6kktTDkW_UAq6sZLw74nu6xg8jwqHzDCs03rk","Awe Smash","1014"," 344"," 283","FALSE","FALSE","FALSE","TRUE"
"107","5cc4fe58-4e57-37f1-9dc3-7c32b2632923","RANKED_SOLO_5x5","CHALLENGER","I","LvwlGQ3DDsPkGMMF3q1XbbCdLnzZEr2-nj75-hnmdvs5L1Y","zywbzdcs","1012"," 850"," 802","FALSE","FALSE","FALSE","FALSE"
"108","5cc4fe58-4e57-37f1-9dc3-7c32b2632923","RANKED_SOLO_5x5","CHALLENGER","I","7FW7u40RCGpvA5svNqfdak4FTCKKQSsDqPdGQXysFrEqI58","FA 레이닝","1012"," 552"," 475","TRUE","FALSE","FALSE","FALSE"
"109","5cc4fe58-4e57-37f1-9dc3-7c32b2632923","RANKED_SOLO_5x5","CHALLENGER","I","aRhVgY8O1VXiUkVLyllSd_iIPIvxWLR3aV7Q7x42djtN1Z0","NS Bull","1010"," 889"," 746","TRUE","FALSE","FALSE","FALSE"
"110","5cc4fe58-4e57-37f1-9dc3-7c32b2632923","RANKED_SOLO_5x5","CHALLENGER","I","4lqibE5HVRlpKN--VjIni_6UUoWjQjri88E3ySbaLcwOu4g","안녕 맬","1009"," 775"," 714","FALSE","FALSE","TRUE","TRUE"
"111","5cc4fe58-4e57-37f1-9dc3-7c32b2632923","RANKED_SOLO_5x5","CHALLENGER","I","iMVkjrHWkMNJBUSu_NMLou5VmWHDDqLcNM0Wbljen70tQ_Q","볼붕이1","1008"," 774"," 653","FALSE","FALSE","FALSE","TRUE"
"112","5cc4fe58-4e57-37f1-9dc3-7c32b2632923","RANKED_SOLO_5x5","CHALLENGER","I","NX7ZFUt2D1xIuku4TUJ_YEsaMLnL0mBNORbTQ8rawfyPd_rX","스카이시현","1008"," 223"," 120","FALSE","FALSE","FALSE","FALSE"
"113","5cc4fe58-4e57-37f1-9dc3-7c32b2632923","RANKED_SOLO_5x5","CHALLENGER","I","fqjdXYDybhW6SALyhBIbERG01TQu72pX4a3Z6H-NoITm8A8","mmqm","1007","1056"," 985","FALSE","FALSE","FALSE","TRUE"
"114","5cc4fe58-4e57-37f1-9dc3-7c32b2632923","RANKED_SOLO_5x5","CHALLENGER","I","n07J_ikzsktyINUwHWhBLpapil124raekqtTkWnMwGLLwsQ","유리Yur1","1007"," 605"," 538","FALSE","FALSE","FALSE","TRUE"
"115","5cc4fe58-4e57-37f1-9dc3-7c32b2632923","RANKED_SOLO_5x5","CHALLENGER","I","gILwQwOkR8Ci17Ufj2NhEfJxfOmFXhAI9Mff7zFDfzUpFMY","캐 인","1007"," 375"," 352","TRUE","FALSE","FALSE","FALSE"
"116","5cc4fe58-4e57-37f1-9dc3-7c32b2632923","RANKED_SOLO_5x5","CHALLENGER","I","CaCYmqAz5qZOaFQldDH-zFMZ3FVR5_tOYomg1x1AZQI49ak","qwer112233","1006"," 612"," 542","TRUE","FALSE","FALSE","FALSE"
"117","5cc4fe58-4e57-37f1-9dc3-7c32b2632923","RANKED_SOLO_5x5","CHALLENGER","I","1UiOgaZDMiOeX9jSvwFlMEfEnjSd17UGK9OW1LJ492dMmLP1","xiaoyushizhu","1006"," 334"," 215","FALSE","FALSE","FALSE","TRUE"
"118","5cc4fe58-4e57-37f1-9dc3-7c32b2632923","RANKED_SOLO_5x5","CHALLENGER","I","fQUXzC47EHyDB-ygSpoX3OqV82fT0AxnGT9qFPah3vYNkQA","이도류","1004"," 855"," 794","TRUE","FALSE","FALSE","TRUE"
"119","5cc4fe58-4e57-37f1-9dc3-7c32b2632923","RANKED_SOLO_5x5","CHALLENGER","I","tg6t3_sCn5imgYB3XP1EmZNembAMBtJXgoq5dh4FlhCWIiQ","Xx최강문검수xX","1004"," 163","  92","FALSE","FALSE","FALSE","FALSE"
"120","5cc4fe58-4e57-37f1-9dc3-7c32b2632923","RANKED_SOLO_5x5","CHALLENGER","I","GBnFW6kJTGz0B5YjxLg1gHa6jQKbXA7UBqWSGwE4pPTf21Y","hao yun bao bei","1003"," 657"," 595","FALSE","FALSE","FALSE","FALSE"
"121","5cc4fe58-4e57-37f1-9dc3-7c32b2632923","RANKED_SOLO_5x5","CHALLENGER","I","rPmH_Kv5MEqiO0Aohts9lpwZ4txceUZyYiqEtRLzQsFxahw","whisper snow","1002","1000"," 943","TRUE","FALSE","FALSE","FALSE"
"122","5cc4fe58-4e57-37f1-9dc3-7c32b2632923","RANKED_SOLO_5x5","CHALLENGER","I","cz8EHmLZjXvI3KOfS90r648Z1qXO454_OhW2VRQYvTFSuCc","stableman1","1001"," 721"," 645","TRUE","FALSE","FALSE","FALSE"
"123","5cc4fe58-4e57-37f1-9dc3-7c32b2632923","RANKED_SOLO_5x5","CHALLENGER","I","Adx6i9yOgGI6sM07QMeRFF879dM9w6v6CISYtEIXy1-HwYw","See u AG","1001"," 327"," 261","TRUE","FALSE","FALSE","FALSE"
"124","5cc4fe58-4e57-37f1-9dc3-7c32b2632923","RANKED_SOLO_5x5","CHALLENGER","I","HL5eXt3DLBIMa3rxTU4LSOnzjajG7R1ymGQzNQIDFS_yvH0","TTzhao1952222922"," 999"," 401"," 252","TRUE","FALSE","FALSE","FALSE"
"125","5cc4fe58-4e57-37f1-9dc3-7c32b2632923","RANKED_SOLO_5x5","CHALLENGER","I","ZVGwRcmDEwi69UlGNO38P4SKsAiAuroViIhfNvZDE1yuWUE","FA GGul"," 998"," 493"," 420","FALSE","FALSE","FALSE","FALSE"
"126","5cc4fe58-4e57-37f1-9dc3-7c32b2632923","RANKED_SOLO_5x5","CHALLENGER","I","9AjPGwna2vcz57U3b5VA5Ox1A60BtAMLI0LGQpH70PWV0Xg","Liiv Effort"," 998"," 332"," 277","TRUE","FALSE","FALSE","FALSE"
"127","5cc4fe58-4e57-37f1-9dc3-7c32b2632923","RANKED_SOLO_5x5","CHALLENGER","I","XYjlmb3v_-BVpY54IwGDrjnmP1aOBGzBSFu8R6heowUhr3I","우 제"," 996"," 425"," 354","TRUE","FALSE","FALSE","FALSE"
"128","5cc4fe58-4e57-37f1-9dc3-7c32b2632923","RANKED_SOLO_5x5","CHALLENGER","I","D7ZMWToTD7GwsaYFVrezivTqUbkN-iubMz5BqOb4KHF7Kxc","Liiv KABBIE"," 994"," 540"," 483","TRUE","FALSE","FALSE","FALSE"
"129","5cc4fe58-4e57-37f1-9dc3-7c32b2632923","RANKED_SOLO_5x5","CHALLENGER","I","rcqvySY4XX0jhNoivHK0qv-w7MJKWRfWGWi3n8j_Iwgd-0CJ","모두만 잘되기를"," 994"," 450"," 381","TRUE","FALSE","FALSE","FALSE"
"130","5cc4fe58-4e57-37f1-9dc3-7c32b2632923","RANKED_SOLO_5x5","CHALLENGER","I","1v77_5A8Hgw95W0PaJntYugjnkdK0nZvhllXZbcZC2yPx3c","GLZassassin"," 989"," 924"," 846","FALSE","FALSE","FALSE","FALSE"
"131","5cc4fe58-4e57-37f1-9dc3-7c32b2632923","RANKED_SOLO_5x5","CHALLENGER","I","7ZX3iiFHkvnfced-oKhHr9nI45MHhtkH2_RiZlqhbz9pvhI","xiaocaobao9"," 984"," 526"," 475","FALSE","FALSE","FALSE","FALSE"
"132","5cc4fe58-4e57-37f1-9dc3-7c32b2632923","RANKED_SOLO_5x5","CHALLENGER","I","ClyoeDNyPpJ96CfnlJLl2vonmaXvn3uC-JEk8XUNPs6MPXM","Mei Chang"," 977","1128","1086","FALSE","FALSE","FALSE","FALSE"
"133","5cc4fe58-4e57-37f1-9dc3-7c32b2632923","RANKED_SOLO_5x5","CHALLENGER","I","3p_nJC7aq3kQxV4SI_B6qN1XfBipT85axBLI1R0VAh9M2N8","고파 우 개미"," 975"," 490"," 418","FALSE","FALSE","FALSE","FALSE"
"134","5cc4fe58-4e57-37f1-9dc3-7c32b2632923","RANKED_SOLO_5x5","CHALLENGER","I","zGa6Ys7L7WDPS66L8isjENJDvb1yCPIC1wHcOw3J0V2KNBA","피즈 조이"," 975"," 379"," 320","FALSE","FALSE","FALSE","FALSE"
"135","5cc4fe58-4e57-37f1-9dc3-7c32b2632923","RANKED_SOLO_5x5","CHALLENGER","I","okT-AzhXKqaeKeH3PS3l_gHDo7uyN0EITk-a2dTh7DC9l_GdoIGFplI56Q","TL T4CTICAL"," 975"," 130","  74","FALSE","FALSE","FALSE","FALSE"
"136","5cc4fe58-4e57-37f1-9dc3-7c32b2632923","RANKED_SOLO_5x5","CHALLENGER","I","g5aKRWmdzGK8_MOPwQpOZEPoq-4GAfKxm0a47Fw5d_NLQOE","DRX BAO"," 968"," 378"," 323","FALSE","FALSE","FALSE","TRUE"
"137","5cc4fe58-4e57-37f1-9dc3-7c32b2632923","RANKED_SOLO_5x5","CHALLENGER","I","RYYfKTtif7k2D9lRLcWsj-X2Qp25x4h34tW3asBHWsowitY","호잇이"," 967","1196","1118","FALSE","FALSE","TRUE","FALSE"
"138","5cc4fe58-4e57-37f1-9dc3-7c32b2632923","RANKED_SOLO_5x5","CHALLENGER","I","iuhVzrDZNh3CNZfRu7ax2ea2nIP1KWXBlxIve-bQliI9h_0","GGGori"," 967"," 584"," 519","TRUE","FALSE","FALSE","TRUE"
"139","5cc4fe58-4e57-37f1-9dc3-7c32b2632923","RANKED_SOLO_5x5","CHALLENGER","I","-Vz1tqKtb3AvhAsm6Ddtxfo2PjfnW-w7nwzRPsAekLJKZ3g","FA Light"," 967"," 401"," 331","TRUE","FALSE","FALSE","FALSE"
"140","5cc4fe58-4e57-37f1-9dc3-7c32b2632923","RANKED_SOLO_5x5","CHALLENGER","I","sGOrlf7owNVKBGe3AEnVfg4rlLJlRgHvgVvmmZ9r7BuJ24w","Liiv Route"," 965"," 691"," 653","FALSE","FALSE","TRUE","FALSE"
"141","5cc4fe58-4e57-37f1-9dc3-7c32b2632923","RANKED_SOLO_5x5","CHALLENGER","I","9b1f6VFHn7AcQnejR1W-bJJgjZAjCx-i9lJEXWo3_9i63Ac","BeTnT1"," 964"," 768"," 722","TRUE","FALSE","FALSE","TRUE"
"142","5cc4fe58-4e57-37f1-9dc3-7c32b2632923","RANKED_SOLO_5x5","CHALLENGER","I","aPCYIqaMd1swp9cTAKdE_bnq_APCnCKRiynKV9bcWFI2ubg","elole"," 962"," 537"," 399","FALSE","FALSE","TRUE","FALSE"
"143","5cc4fe58-4e57-37f1-9dc3-7c32b2632923","RANKED_SOLO_5x5","CHALLENGER","I","OamFWRGrHQGZK6ag9zVOGlglpPyM6cfKM6UF4uvLOxYPOQ","군대괜히미룬사람"," 962"," 417"," 404","FALSE","FALSE","FALSE","FALSE"
"144","5cc4fe58-4e57-37f1-9dc3-7c32b2632923","RANKED_SOLO_5x5","CHALLENGER","I","XHJJVVhvMIkqjRckOygQVUsCKyawPYWaOZGcePkJMJMRfY8","Listn"," 960"," 350"," 291","FALSE","FALSE","FALSE","TRUE"
"145","5cc4fe58-4e57-37f1-9dc3-7c32b2632923","RANKED_SOLO_5x5","CHALLENGER","I","bM1_3oPb9TjDidKzlH26bLd2tDaJDieQfkbX_KxOsLLR3-Y","Arrowlol"," 957"," 468"," 341","FALSE","FALSE","FALSE","FALSE"
"146","5cc4fe58-4e57-37f1-9dc3-7c32b2632923","RANKED_SOLO_5x5","CHALLENGER","I","80yHfW72vLA2ISu4fPAF7VFE7Q1S8B-BBLERZ5vrIJMyBy4","DWG Chasy"," 955"," 538"," 424","TRUE","FALSE","FALSE","FALSE"
"147","5cc4fe58-4e57-37f1-9dc3-7c32b2632923","RANKED_SOLO_5x5","CHALLENGER","I","WQ2L0gxUI9O8BUFk6ypA934he9t2fqwLxs1IiKUg2A_S1cQ","photic12345"," 952"," 785"," 737","TRUE","FALSE","FALSE","FALSE"
"148","5cc4fe58-4e57-37f1-9dc3-7c32b2632923","RANKED_SOLO_5x5","CHALLENGER","I","pQ3VZAerhgAOpO1Wj5W0Iil1DnSr4h4-B79F-C5vsB_1s08","Annie Leonhar"," 952"," 369"," 300","FALSE","FALSE","FALSE","FALSE"
"149","5cc4fe58-4e57-37f1-9dc3-7c32b2632923","RANKED_SOLO_5x5","CHALLENGER","I","NzUOie0Fip9FNtweiMRH5E9h0RB9ceqWQicZozD644lGH9w","Sweety Pretty"," 952"," 360"," 301","FALSE","FALSE","FALSE","FALSE"
"150","5cc4fe58-4e57-37f1-9dc3-7c32b2632923","RANKED_SOLO_5x5","CHALLENGER","I","uLs03Hq2Bh_4uxBkhUI6I-6QwJ0OcCr2ds3WE8iaypWUz-o","Destiny"," 952"," 233"," 231","TRUE","FALSE","FALSE","TRUE"
"151","5cc4fe58-4e57-37f1-9dc3-7c32b2632923","RANKED_SOLO_5x5","CHALLENGER","I","_ERsZHAMzfktUZPZsjkbDtHIwkmdeG95JDSEKGnkKMrNViw","이 차가 식기전에"," 951","1113","1041","TRUE","FALSE","FALSE","TRUE"
"152","5cc4fe58-4e57-37f1-9dc3-7c32b2632923","RANKED_SOLO_5x5","CHALLENGER","I","JcwvfSBt9Ivy9SVr53WhpSlNKggk0NV--M9ycra9baQztTE","qwerewqw"," 951"," 903"," 831","FALSE","FALSE","FALSE","TRUE"
"153","5cc4fe58-4e57-37f1-9dc3-7c32b2632923","RANKED_SOLO_5x5","CHALLENGER","I","gglpkuP-LPXSGaTAff_3cUrTOa6W28nxJvYm2Fz4Qpemaz4","weibiusamD"," 951"," 643"," 586","FALSE","FALSE","FALSE","FALSE"
"154","5cc4fe58-4e57-37f1-9dc3-7c32b2632923","RANKED_SOLO_5x5","CHALLENGER","I","ivQdrOoI68ucEaL_keO18sNWsu6V1NjZz730NL6z3MiKSUQ","da gong ren1"," 951"," 321"," 263","FALSE","FALSE","FALSE","FALSE"
"155","5cc4fe58-4e57-37f1-9dc3-7c32b2632923","RANKED_SOLO_5x5","CHALLENGER","I","SIABu3Xv8KO_mzoX-6hbu-5XldILUo1M_jePXtg7OXexuQ","DRX 게르세르끼"," 948"," 300"," 228","FALSE","FALSE","FALSE","FALSE"
"156","5cc4fe58-4e57-37f1-9dc3-7c32b2632923","RANKED_SOLO_5x5","CHALLENGER","I","oVREsnSi-yldakVxGiv0Hk_FxoG2ssvyiRCE79Yf10cnLYI","FA Dove"," 947"," 625"," 585","TRUE","FALSE","FALSE","FALSE"
"157","5cc4fe58-4e57-37f1-9dc3-7c32b2632923","RANKED_SOLO_5x5","CHALLENGER","I","oL-oDVwtvpYpmavTpU3V-rXiGVQTuoOYijjRUSxzUXpA9mU","미북이"," 943"," 822"," 769","FALSE","FALSE","FALSE","TRUE"
"158","5cc4fe58-4e57-37f1-9dc3-7c32b2632923","RANKED_SOLO_5x5","CHALLENGER","I","zAoBjuLbaDZKyJss4KvewcVVUAwFWUnY9Uo_EE4Urqufqmc","못 난 놈 들1"," 941","1604","1555","FALSE","FALSE","FALSE","TRUE"
"159","5cc4fe58-4e57-37f1-9dc3-7c32b2632923","RANKED_SOLO_5x5","CHALLENGER","I","xnZN9kpq7qsKPTzZGK7Blp_Ewa5UQYDztq6pP1UEcoZ8rKc","Gen G Envy"," 941"," 495"," 431","TRUE","FALSE","FALSE","FALSE"
"160","5cc4fe58-4e57-37f1-9dc3-7c32b2632923","RANKED_SOLO_5x5","CHALLENGER","I","9sZufpngZPs-V0ebZ6IpqBeFhfs2QBBkqdaHEmYchz_1ouA","순진무구 하 다"," 940"," 840"," 791","FALSE","FALSE","FALSE","FALSE"
"161","5cc4fe58-4e57-37f1-9dc3-7c32b2632923","RANKED_SOLO_5x5","CHALLENGER","I","8qFnwlXonf7_z29dTWpCd7r_RD5fteZgBaB6J3xCR-DY84g","FA Wizer"," 938"," 453"," 402","FALSE","FALSE","FALSE","TRUE"
"162","5cc4fe58-4e57-37f1-9dc3-7c32b2632923","RANKED_SOLO_5x5","CHALLENGER","I","FhkH6FYF7xuKdJiSFHHFiwLyMxd7KoEAsTs5D1MdOS97J7A","HLE Deft1"," 936"," 815"," 748","FALSE","FALSE","TRUE","FALSE"
"163","5cc4fe58-4e57-37f1-9dc3-7c32b2632923","RANKED_SOLO_5x5","CHALLENGER","I","SBfRIsl7SNtahvObCXTj5TVeLtaB3yP_RJbTP2HIcVq8MTU","AF Burry"," 934"," 759"," 613","FALSE","FALSE","FALSE","TRUE"
"164","5cc4fe58-4e57-37f1-9dc3-7c32b2632923","RANKED_SOLO_5x5","CHALLENGER","I","JOjwrEZkGcKy37-qtBIs_sVNeIAB-aJy77kLN9SuIjceuQ","강꼬릴"," 934"," 582"," 535","FALSE","FALSE","FALSE","FALSE"
"165","5cc4fe58-4e57-37f1-9dc3-7c32b2632923","RANKED_SOLO_5x5","CHALLENGER","I","hHkZa4rH1sbGMLVDlwLyZm3ZQbsKjyr09N9THvhr4U9nAA","수기 김"," 934"," 290"," 229","FALSE","FALSE","FALSE","FALSE"
"166","5cc4fe58-4e57-37f1-9dc3-7c32b2632923","RANKED_SOLO_5x5","CHALLENGER","I","2v_FFC7TcijWDyGMvBBtt4Yoo2ykmlmXGaTFXkVqdEwfB4E","게임이안잡혀"," 933"," 694"," 618","FALSE","FALSE","FALSE","FALSE"
"167","5cc4fe58-4e57-37f1-9dc3-7c32b2632923","RANKED_SOLO_5x5","CHALLENGER","I","5V-YdfoIx7fpGjuFsocNk8Hh1dhxVDn8N57EP2yoCFZ7do8","HLE Morgan1"," 931"," 493"," 436","TRUE","FALSE","FALSE","FALSE"
"168","5cc4fe58-4e57-37f1-9dc3-7c32b2632923","RANKED_SOLO_5x5","CHALLENGER","I","ktfK5VcNbhloUnTwZoeZmvRnZZ8pJk5CR9FE6fa46YMVmZg","Starry0v0"," 929","1075"," 969","FALSE","FALSE","FALSE","FALSE"
"169","5cc4fe58-4e57-37f1-9dc3-7c32b2632923","RANKED_SOLO_5x5","CHALLENGER","I","jcgJTqlIxjt6DBvA6FUT8c28bUJAGSz2BiBFULjvvi1ZHBI","Let me sup"," 928"," 289"," 211","FALSE","FALSE","TRUE","FALSE"
"170","5cc4fe58-4e57-37f1-9dc3-7c32b2632923","RANKED_SOLO_5x5","CHALLENGER","I","DjRg49j3auEQRvkJ8wLzaHpT5NDXKFOUweZAW0ez3IWA4KQ","ping siba"," 927"," 637"," 580","FALSE","FALSE","FALSE","FALSE"
"171","5cc4fe58-4e57-37f1-9dc3-7c32b2632923","RANKED_SOLO_5x5","CHALLENGER","I","oyujnqmaYDmzGj-hNUVGfvPO09bF9GchA9cJfLLcsUo4WA","Iove galio"," 923"," 476"," 392","TRUE","FALSE","FALSE","FALSE"
"172","5cc4fe58-4e57-37f1-9dc3-7c32b2632923","RANKED_SOLO_5x5","CHALLENGER","I","QxWqmALz6b7hzzzF4RIWZs8lPEcjUKqGmH0zrVG9bv4-rFg","bro game"," 922"," 666"," 611","FALSE","FALSE","FALSE","FALSE"
"173","5cc4fe58-4e57-37f1-9dc3-7c32b2632923","RANKED_SOLO_5x5","CHALLENGER","I","CnXWeyJbXJST2KDZ8LBtZ8X4F8hOsqgRILgAOnA8vlymNY0","Lpc1"," 922"," 378"," 306","FALSE","FALSE","FALSE","FALSE"
"174","5cc4fe58-4e57-37f1-9dc3-7c32b2632923","RANKED_SOLO_5x5","CHALLENGER","I","Smr-unFqWtdcGfGVQzDrKbqlqIPVb6oU6nfVLWnn_iWLRro","Starryovo"," 921"," 881"," 804","TRUE","FALSE","FALSE","FALSE"
"175","5cc4fe58-4e57-37f1-9dc3-7c32b2632923","RANKED_SOLO_5x5","CHALLENGER","I","F4_zbmDxpLuhhCGH5Sehqu4_in1Opzuxf9DEphlfY6XbzqY","yinyi zai ma ren"," 920"," 428"," 292","FALSE","FALSE","TRUE","TRUE"
"176","5cc4fe58-4e57-37f1-9dc3-7c32b2632923","RANKED_SOLO_5x5","CHALLENGER","I","nbMH1OJ9e9jQ3NElqxIQdJIaW9xtYHvsaRhwpazawwHUosg","OMGqx1328035572"," 919"," 785"," 694","FALSE","FALSE","FALSE","FALSE"
"177","5cc4fe58-4e57-37f1-9dc3-7c32b2632923","RANKED_SOLO_5x5","CHALLENGER","I","46Lpwp4lj7t4PStR_QFPIvQuhJFDEZdR50KcuOhIR14pFg8","쿠자니"," 919"," 520"," 473","TRUE","FALSE","FALSE","FALSE"
"178","5cc4fe58-4e57-37f1-9dc3-7c32b2632923","RANKED_SOLO_5x5","CHALLENGER","I","cn78iVb-zjmOrrTV3kugN3wgrUhyzLoRXjM3qPQ1b62Way8","jiozz"," 918"," 787"," 711","FALSE","FALSE","FALSE","TRUE"
"179","5cc4fe58-4e57-37f1-9dc3-7c32b2632923","RANKED_SOLO_5x5","CHALLENGER","I","d17iF4hK33q5Fnv8lZ8vTL2U1qLutm_ExTJHyj7pmeNvwlo","니가뭔데나를판단"," 918"," 505"," 427","FALSE","FALSE","TRUE","FALSE"
"180","5cc4fe58-4e57-37f1-9dc3-7c32b2632923","RANKED_SOLO_5x5","CHALLENGER","I","vLTxgKddhactNA6tKYBF53kUaIe16JK-kYgq2clg7xsEQbc","Hegzzz"," 917","1212","1111","TRUE","FALSE","FALSE","FALSE"
"181","5cc4fe58-4e57-37f1-9dc3-7c32b2632923","RANKED_SOLO_5x5","CHALLENGER","I","05hY2e4JzjQ65yzDr_O5FzWc1iHV_jfuc9HSNZsdSBSIMYk","LOL전문 퍼플팀"," 916"," 394"," 269","TRUE","FALSE","FALSE","FALSE"
"182","5cc4fe58-4e57-37f1-9dc3-7c32b2632923","RANKED_SOLO_5x5","CHALLENGER","I","OCPLmXvj8TKS8KX0et2C_-Wge__iXIPU6y80DzclnpBfVoc","OMGBoring"," 915"," 615"," 548","FALSE","FALSE","FALSE","FALSE"
"183","5cc4fe58-4e57-37f1-9dc3-7c32b2632923","RANKED_SOLO_5x5","CHALLENGER","I","jZZ9p1eIEC0pPAB6N-HfAfh4zt8CyVyt_wnm2bskUEHP10k","YSYZ"," 913"," 963"," 882","FALSE","FALSE","FALSE","FALSE"
"184","5cc4fe58-4e57-37f1-9dc3-7c32b2632923","RANKED_SOLO_5x5","CHALLENGER","I","wiedkWagvJnp5zw8AbuufRYRnWl02Wu9bVSaQJ2qptKEQdA","clear77"," 910","1140","1088","FALSE","FALSE","FALSE","FALSE"
"185","5cc4fe58-4e57-37f1-9dc3-7c32b2632923","RANKED_SOLO_5x5","CHALLENGER","I","VCCQhTFEzLR2xHCVUjMQyos-QrasPMEHMoEdfslqDOtTyyw","Zaovvunongren"," 909"," 689"," 614","FALSE","FALSE","FALSE","FALSE"
"186","5cc4fe58-4e57-37f1-9dc3-7c32b2632923","RANKED_SOLO_5x5","CHALLENGER","I","irIQbSMgqCXBPs7ikInkjj7OEy3mVsHUFIsMcR6IBtMp4mI","닥터스트레인지"," 909"," 184","  52","FALSE","FALSE","FALSE","FALSE"
"187","5cc4fe58-4e57-37f1-9dc3-7c32b2632923","RANKED_SOLO_5x5","CHALLENGER","I","zw1jYFEKOMonIxNlzp1DkGhG22X92RfYEPbBAfnviUVXWYg","Ye Zhuo Yue"," 908"," 998"," 939","TRUE","FALSE","FALSE","FALSE"
"188","5cc4fe58-4e57-37f1-9dc3-7c32b2632923","RANKED_SOLO_5x5","CHALLENGER","I","71TeVFSnn3rUS3SqlAxXL_6UbKOg4jT4kMeaWRfrl2fji9k","직스 좀 믿어줘"," 907"," 288"," 215","TRUE","FALSE","FALSE","FALSE"
"189","5cc4fe58-4e57-37f1-9dc3-7c32b2632923","RANKED_SOLO_5x5","CHALLENGER","I","IA1Er73KuxxPGu84ws9PX65RJ4beg77msUW3qXzD-WOQG4Q","칸 나"," 906"," 807"," 754","FALSE","FALSE","TRUE","FALSE"
"190","5cc4fe58-4e57-37f1-9dc3-7c32b2632923","RANKED_SOLO_5x5","CHALLENGER","I","aGuO-UMp7b8xJWd9MyvRMvT6k97ToxHuOHT5jrUKODDE-VI","너 밉다"," 905"," 564"," 454","FALSE","FALSE","FALSE","FALSE"
"191","5cc4fe58-4e57-37f1-9dc3-7c32b2632923","RANKED_SOLO_5x5","CHALLENGER","I","iDw6y0lj9xzmhy-PJoW_MxV-bqVgeqCPYDuzAgv9-lzIdQ","White Canvas"," 904"," 651"," 598","FALSE","FALSE","FALSE","TRUE"
"192","5cc4fe58-4e57-37f1-9dc3-7c32b2632923","RANKED_SOLO_5x5","CHALLENGER","I","t-5X3PZQBprUakG8N6l7m7445AVUmwE-CQQYcP9Xz9Og-ec-","YoneKing"," 904"," 323"," 213","FALSE","FALSE","FALSE","TRUE"
"193","5cc4fe58-4e57-37f1-9dc3-7c32b2632923","RANKED_SOLO_5x5","CHALLENGER","I","tcogE1yda014Cj8gUkB6owVSD6jNhBzlzdfOPgf9WP89_Q","오늘점심은딱콩"," 904"," 170","  97","FALSE","FALSE","FALSE","TRUE"
"194","5cc4fe58-4e57-37f1-9dc3-7c32b2632923","RANKED_SOLO_5x5","CHALLENGER","I","Solr4NgwqPjjpVUOgtPTwOupVk8DtA6OonPYc16B6Q6KkeA","와드박고갱당하기"," 902","1405","1277","FALSE","FALSE","TRUE","FALSE"
"195","5cc4fe58-4e57-37f1-9dc3-7c32b2632923","RANKED_SOLO_5x5","CHALLENGER","I","s07OD3mVPFeoIfmT-U66U93p8geIQ6h7dyWcEDNYYXsNpsk","W1zer"," 902"," 474"," 418","FALSE","FALSE","FALSE","TRUE"
"196","5cc4fe58-4e57-37f1-9dc3-7c32b2632923","RANKED_SOLO_5x5","CHALLENGER","I","E3V_4yJ9UxxOlpKq19meT_hJVB2Zh4RZJpg_ZUXfIhZ-7g","BJ갈배"," 901","1489","1435","FALSE","FALSE","FALSE","FALSE"
"197","5cc4fe58-4e57-37f1-9dc3-7c32b2632923","RANKED_SOLO_5x5","CHALLENGER","I","e7ybm1yyw1B8V1lmnO7AlmlHntM2zSvOt7WHkB2NwMW8CLc","ad20"," 901"," 337"," 284","FALSE","FALSE","FALSE","TRUE"
"198","5cc4fe58-4e57-37f1-9dc3-7c32b2632923","RANKED_SOLO_5x5","CHALLENGER","I","gm_Vdkgku9d97TKRMqYGPm42jTHlcl-U7qXwUKGeE591x7g","미안 합니둥"," 900"," 981"," 918","TRUE","FALSE","FALSE","FALSE"
"199","5cc4fe58-4e57-37f1-9dc3-7c32b2632923","RANKED_SOLO_5x5","CHALLENGER","I","ubrz3uf0eozVpiVcEeErUwur4naIcT3wR0uAS4HqcFmZe70","jkjkjkjkk"," 899","1107","1062","TRUE","FALSE","FALSE","TRUE"
"200","5cc4fe58-4e57-37f1-9dc3-7c32b2632923","RANKED_SOLO_5x5","CHALLENGER","I","2-s8uvyeIsdqipmnN4R3C1gpABMcNtFl9dZRNVIgncB-yQ","arrowIoI"," 899"," 861"," 797","FALSE","FALSE","FALSE","FALSE"
"201","5cc4fe58-4e57-37f1-9dc3-7c32b2632923","RANKED_SOLO_5x5","CHALLENGER","I","HO5g5b6EfusF7LP8TsbHPcO1tEXdI3eGQ1DiWHFJtdtY_1M","야 핑 좀 꺼줄래"," 898"," 429"," 372","FALSE","FALSE","FALSE","FALSE"
"202","5cc4fe58-4e57-37f1-9dc3-7c32b2632923","RANKED_SOLO_5x5","CHALLENGER","I","_yLRp5SFIH5i3GlkZT39lC1xLGY1lSe9NquPvh25YG3UeUw","no top"," 897","1104","1061","TRUE","FALSE","FALSE","FALSE"
"203","5cc4fe58-4e57-37f1-9dc3-7c32b2632923","RANKED_SOLO_5x5","CHALLENGER","I","pzuRYL2mP6nLCSGoaD0oR7v9EJs53G-3OqyoWcw61ll5XKU","아임쏘쏘리"," 897"," 734"," 675","FALSE","FALSE","FALSE","FALSE"
"204","5cc4fe58-4e57-37f1-9dc3-7c32b2632923","RANKED_SOLO_5x5","CHALLENGER","I","TeiL3S33oj1_itfCGg3ebNoPfM95CqfOnnsgUmGJniytUmM","knightzz"," 895"," 723"," 609","TRUE","FALSE","FALSE","FALSE"
"205","5cc4fe58-4e57-37f1-9dc3-7c32b2632923","RANKED_SOLO_5x5","CHALLENGER","I","AMtBttVkN51bDSpMnxk1aTzYjKCD9c1B7hN49UYKAEcE0bk","Iava"," 895"," 161","  82","FALSE","FALSE","FALSE","TRUE"
